iso3,country,year,co2Kt
CAN,Canada,2019,609075.8000
CAN,Canada,2020,548445.4000
CAN,Canada,2021,561734.4000
CAN,Canada,2022,575835.2000
CAN,Canada,2023,567096.9000
CAN,Canada,2024,577972.6000
CHN,China,2019,11813058.0000
CHN,China,2020,11964128.5000
CHN,China,2021,12551864.5000
CHN,China,2022,12518684.4000
CHN,China,2023,13021242.0000
CHN,China,2024,13124728.0000
DEU,Germany,2019,696500.2000
DEU,Germany,2020,642087.8000
DEU,Germany,2021,670667.0000
DEU,Germany,2022,658088.6000
DEU,Germany,2023,589659.6000
DEU,Germany,2024,579935.6000
FRA,France,2019,322904.3000
FRA,France,2020,287086.8000
FRA,France,2021,316704.4000
FRA,France,2022,307680.2000
FRA,France,2023,284154.1000
FRA,France,2024,274450.5000
USA,United States,2019,4967912.2000
USA,United States,2020,4466876.5000
USA,United States,2021,4754378.5000
USA,United States,2022,4815766.5000
USA,United States,2023,4618267.5000
USA,United States,2024,4632164.9000
